{
    "Rx接口的最大在线会话数": 0,
    "初始注册失败次数（未指定具体原因）": 1,
    "NF服务发现请求次数": 2,
    "用户平面SGW-U 4G会话激活成功率": 3,
    "SMF 5G 实时PDU会话数": 4,
    "指定N11接口的AMF发起的会话上下文建立请求次数": 5,
    "会话管理策略更新通知响应404未找到次数": 6,
    "N11(SMF)发送PDU Session Establishment Reject消息数-#31 Request rejected,": 7,
    "接收PFCP会话创建成功响应消息数": 8,
    "发送PFCP会话创建请求消息数": 9,
    "用户平面N4接口发送的PFCP会话报告消息数": 10,
    "NF信令流程触发的服务发现流程成功次数": 11,
    "N11(SMF)发送PDU Session Establishment Reject消息数-#31 Request rejected, unspecified": 12,
    "指定N11接口的AMF发起的会话上下文更新请求次数": 13,
    "NF收到NRF的注册失败响应次数": 14,
    "Pod内存利用率平均值": 15,
    "用户平面SGW-U 4G用户下行转发成功率": 16,
    "N7会话授权终止成功次数": 17,
    "AMF注册态平均用户数": 18,
    "用户平面UPF的会话总在线时长": 19,
    "SGW-C形态的实时在线会话数": 20,
    "用户平面使用本地地址平均的会话数目": 21,
    "会话管理策略更新通知响应500内部服务器错误次数": 22,
    "NF内部发起的服务发现请求次数": 23,
    "用户平面UPF会话激活成功率": 24,
    "用户平面PGW-U 4G用户下行转发成功率": 25,
    "N7会话授权请求次数": 26,
    "用户平面N4接口接收的PFCP心跳响应消息数": 27,
    "控制平面鉴权请求成功率": 28,
    "用户平面接收下行用户面报文千字节数": 29,
    "发送PFCP会话更新请求消息数": 30,
    "SMF PDU会话修改失败次数": 31,
    "N11接口AMF发起的会话上下文释放请求次数": 32,
    "N8接口SDM获取签约数据请求次数": 33,
    "N7平均在线会话数": 34,
    "PCRF在测量周期内应用会话呼损率": 35,
    "NF注册成功率": 36,
    "用户平面的会话总在线时长": 37,
    "用户平面七层解析DNS下行包数": 38,
    "用户平面N4接口发送的PFCP会话更新响应成功消息数": 39,
    "N7会话授权修改成功率": 40,
    "NF更新成功率": 41,
    "从4G网络重选入5G网络成功率": 42,
    "用户平面接收上行用户面报文千字节数": 43,
    "AMF间移动性注册更新成功率": 44,
    "NF收到NRF的心跳成功响应次数": 45,
    "用户平面PGW-U 4G用户上行转发成功率": 46,
    "N11(SMF)发送PDU Session Establishment Reject消息数": 47,
    "UE_INITIAL_REGISTRATION触发的去注册成功响应总数": 48,
    "NF收到NRF的更新成功响应次数": 49,
    "SMF 5G 最大PDU会话数": 50,
    "用户平面UPF平均会话数目": 51,
    "等待PFCP会话更新响应超时的次数": 52,
    "节点CPU利用率平均值": 53,
    "NSSF返回的网络切片选择失败次数(系统内部错误_500)": 54,
    "SMF更新SM策略成功次数": 55,
    "接收PFCP会话报告请求消息数": 56,
    "用户平面SGW-U/PGW-U合一形态5G NSA会话激活成功率": 57,
    "用户平面PGW-U 2/3G用户上行转发成功率": 58,
    "N7会话授权终止成功率": 59,
    "用户平面下行转发成功率": 60,
    "等待PFCP会话删除响应超时的次数": 61,
    "N7会话授权请求成功率": 62,
    "会话管理策略创建响应用户不存在次数": 63,
    "AMF空闲态最大用户数": 64,
    "接收PFCP会话更新请求消息数": 65,
    "NF更新成功次数": 66,
    "UE_INITIAL_REGISTRATION触发的去注册请求总数": 67,
    "SMF PDU会话建立失败次数": 68,
    "初始注册失败次数（N1模式不允许）": 69,
    "请求响应率": 70,
    "SMF 5G 平均静态PCC PDU会话数": 71,
    "AMF内N2接口切换成功率": 72,
    "故障状态的PFCP链路数量": 73,
    "NF心跳请求次数": 74,
    "用户平面PGW-U 4G会话激活成功率": 75,
    "PodCPU利用率平均值": 76,
    "N11(SMF)发送PDU Session Establishment Reject消息数-PCF无响应或返回异常消息码": 77,
    "用户平面会话激活成功率": 78,
    "NSSF返回的网络切片选择失败次数(其他错误)": 79,
    "License控制项实际用户数)的第57项": 80,
    "NSSF返回的网络切片选择失败次数(非法请求_400)": 81,
    "NSSF返回的网络切片选择失败次数(系统内部错误)": 82,
    "本端错误总数": 83,
    "CHF生成在线计费CHF异常话单数量值": 84,
    "初始成功注册总时长": 85,
    "SMF 5G 最大动态PCCPDU会话数": 86,
    "会话管理策略更新通知响应411需要长度次数": 87,
    "N11(SMF)发送PDU Session Establishment Reject消息数-#33 Requested service option not": 88,
    "等待PFCP会话创建响应超时的次数": 89,
    "PGW-C通过GTP S5/S8/S2a/S2b创建的当前在线Session数": 90,
    "NF服务发现成功率": 91,
    "N2模式鉴权请求次数": 92,
    "其他错误消息总数": 93,
    "SMF接收EBI分配失败消息数": 94,
    "用户平面平均会话数目": 95,
    "用户平面当前在线会话数目": 96,
    "N2模式鉴权参数错误次数": 97,
    "鉴权拒绝消息总数": 98,
    "指定N8接口的UECM注册请求次数": 99,
    "鉴权结果比对失败消息总数": 100,
    "会话管理策略创建响应503服务不可用次数": 101,
    "用户平面七层解析的转发成功率": 102,
    "N2模式鉴权失败次数": 103,
    "NSSF返回的网络切片选择成功次数": 104,
    "注册过程中NSSF返回网络切片选择成功次数": 105,
    "AMF空闲态实时用户数": 106,
    "SMF 5G 最大静态PCC QoS流数": 107,
    "N7会话授权终止次数": 108,
    "签约数据不存在消息总数": 109,
    "N11(SMF)发送PDU Session Establishment Reject消息数-#38 Network failure": 110,
    "NF收到NRF的注册成功响应次数": 111,
    "用户平面PGW-U的2/3G会话激活成功率": 112,
    "SMF 5G 最大动态PCC QoS流数": 113,
    "用户平面SGW-U 5G NSA用户下行转发成功率": 114,
    "SMF更新SM策略请求的次数": 115,
    "S11/S4(SGW-C)会话建立成功率": 116,
    "NF服务发现成功次数": 117,
    "N2模式UE发起3GPP去注册请求次数": 118,
    "SMF发送EBI分配请求消息数": 119,
    "PGW-C形态会话建立成功率": 120,
    "S11/S4(SPGW-C)会话建立成功率": 121,
    "GUAMI不一致消息总数": 122,
    "用户平面N4接口接收的PFCP会话报告确认消息数": 123,
    "发送PFCP会话报告失败响应消息数": 124,
    "用户平面UPF当前在线会话数目": 125,
    "会话管理策略创建响应500内部服务器错误次数": 126,
    "N8接口UECM注册失败次数_状态码为5XX": 127,
    "EPS Fallback流程平均时长": 128,
    "N7会话异常释放请求失败次数": 129,
    "请求成功响应率": 130,
    "指定局向的SMF创建SM策略请求次数": 131,
    "接收PFCP会话更新成功响应消息数": 132,
    "初始成功注册平均时长": 133,
    "SMF 5G 平均动态PCC QoS流数": 134,
    "从4G网络切换入5G网络成功率": 135,
    "NF心跳成功次数": 136,
    "License控制项实际用户数)的第58项": 137,
    "用户平面UPF下行转发成功率": 138,
    "发送PFCP会话报告成功响应消息数": 139,
    "SMF 5G 平均PDU会话数": 140,
    "AMF内移动性注册更新请求次数": 141,
    "NF向NRF发起的订阅更新请求次数": 142,
    "用户平面SGW-U 5G NSA会话激活成功率": 143,
    "N4接口PFCP会话创建成功率": 144,
    "SMF PDU会话建立请求次数": 145,
    "会话管理策略创建响应411需要长度次数": 146,
    "N7最大在线会话数": 147,
    "用户平面N4接口发送的PFCP心跳响应消息数": 148,
    "AMF连接态最大用户数": 149,
    "N8接口UECM注册请求次数": 150,
    "SPR用户数": 151,
    "AMF间切换入成功率": 152,
    "用户平面SGW-U/PGW-U合一形态 4G用户上行转发成功率": 153,
    "Pod CPU利用率平均值": 154,
    "NF订阅成功率": 155,
    "响应总数": 156,
    "CHF生成在线计费BOSS异常话单数量值": 157,
    "AMF连接态平均用户数": 158,
    "SMF 5G 平均动态PCC PDU会话数": 159,
    "NSSF返回的网络切片选择失败次数(流控丢弃)": 160,
    "AMF注册态最大用户数": 161,
    "用户平面整机平均吞吐量": 162,
    "VM 内存利用率平均值": 163,
    "NF发起的注册流程成功次数": 164,
    "PGW-C通过GTP S5/S8创建的当前在线5G NSA用户Session数": 165,
    "EPS Fallback流程成功率": 166,
    "SPGW-C合一形态的实时在线5G NSA会话数": 167,
    "SMF创建SM策略请求的次数": 168,
    "N11(SMF)发送PDU Session Establishment Reject消息数-#33 Requested service option not subscribed": 169,
    "AMF空闲态平均用户数": 170,
    "CPU利用率平均值": 171,
    "用户平面SGW-U 5G NSA用户上行转发成功率": 172,
    "SMF创建SM策略成功次数": 173,
    "N11(SMF)发送PDU Session Establishment Reject消息数-#26 Insufficient resources": 174,
    "N7接口最大在线的PCC会话数": 175,
    "NF收到NRF的心跳失败响应次数": 176,
    "NF收到NRF的更新失败响应次数": 177,
    "从5G网络重选出至4G网络成功率": 178,
    "SMF删除SM策略请求的次数": 179,
    "注册状态实时NF实例数": 180,
    "SMF接收PCF更新SM策略请求的次数": 181,
    "用户平面N4接口接收的PFCP会话释放请求消息数": 182,
    "PDU会话建立过程中NSSF返回网络切片选择成功次数": 183,
    "指定N11接口的AMF发起的会话上下文建立成功次数": 184,
    "接收PFCP会话删除成功响应消息数": 185,
    "N8接口SDM获取签约数据失败次数_状态码为5XX": 186,
    "用户平面UPF平均QoS流数目": 187,
    "平均响应时延": 188,
    "NF向NRF发起的注册请求次数": 189,
    "指定局向的SMF创建SM策略成功次数": 190,
    "会话管理策略更新通知响应400错误请求次数": 191,
    "N11(SMF)发送PDU Session Establishment Accept消息数": 192,
    "SMF 5G 平均Qos流数": 193,
    "初始注册请求次数": 194,
    "故障状态的PFCP路径数量": 195,
    "初始注册失败次数（网络拥塞）": 196,
    "平均CPU负荷": 197,
    "会话管理策略创建响应403禁止次数": 198,
    "SMF接收N1N2 Message Transfer响应成功消息数": 199,
    "用户平面SGW-U/PGW-U合一形态 5G NSA用户下行转发成功率": 200,
    "AMF内移动性注册更新成功率": 201,
    "在线计费更新请求响应平均时长": 202,
    "SMF 5G 平均静态PCC QoS流数": 203,
    "NSSF返回的网络切片选择失败次数(系统内部错误_503)": 204,
    "SMF删除SM策略成功次数": 205,
    "指定N12接口的AMF向AUSF发起鉴权请求次数": 206,
    "N8接口SDM获取签约数据成功次数": 207,
    "SMF PDU会话建立成功次数": 208,
    "用户平面SGW-U/PGW-U合一形态 4G用户下行转发成功率": 209,
    "SMF 5G 实时QoS流数": 210,
    "节点内存利用率平均值": 211,
    "SMF 5G 实时静态PCC QoS流数": 212,
    "AMF注册态实时用户数": 213,
    "请求总数": 214,
    "用户平面PGW-U 5G NSA会话激活成功率": 215,
    "NF全量更新请求次数": 216,
    "SMF接收EBI分配成功消息数": 217,
    "SMF 5G 最大Qos流数": 218,
    "VM CPU 利用率平均值": 219,
    "N2模式AMF发起的隐式去注册次数": 220,
    "NF发起的订阅更新流程成功次数": 221,
    "SMF给PCF发送删除SM策略成功的次数": 222,
    "NSSF返回的网络切片选择失败次数(非法请求)": 223,
    "N7会话授权请求成功次数": 224,
    "N7会话授权修改成功次数": 225,
    "NF收到NRF的订阅更新成功响应次数": 226,
    "N2模式一次寻呼成功率": 227,
    "用户平面UPF最大的会话数目": 228,
    "Gn/Gp(GGSN)PDP激活成功率": 229,
    "AMF连接态实时用户数": 230,
    "发送PFCP会话删除请求消息数": 231,
    "用户平面SGW-U/PGW-U合一形态 5G NSA用户上行转发成功率": 232,
    "用户平面使用本地地址当前的会话数目": 233,
    "上下文不存在消息总数": 234,
    "会话管理策略更新通知响应503服务不可用次数": 235,
    "CPU平均占用率": 236,
    "失败响应总数": 237,
    "License控制项实际用户数": 238,
    "指定N12接口的AMF向AUSF发起鉴权确认请求次数": 239,
    "成功响应总数": 240,
    "初始注册成功率": 241,
    "SMF发送N1N2 Message Transfer请求消息数": 242,
    "用户平面N4接口发送的PFCP会话建立响应成功消息数": 243,
    "指定N12接口的AUSF向AMF返回的鉴权成功次数": 244,
    "N12接口AUSF向AMF返回的鉴权成功次数": 245,
    "从5G网络附着出至4G网络成功率": 246,
    "用户平面PGW-U 5G NSA用户下行转发成功率": 247,
    "N8接口SDM订阅签约数据失败次数_状态码为4XX": 248,
    "NF更新请求次数": 249,
    "SMF给PCF发送更新SM策略成功的次数": 250,
    "用户平面SGW-U/PGW-U合一形态4G会话激活成功率": 251,
    "5G SA会话建立成功率": 252,
    "NF向NRF发起的更新请求次数": 253,
    "初始注册失败次数（跟踪区内无合适小区）": 254,
    "会话管理策略创建响应400错误请求次数": 255,
    "指定N8接口的UECM注册成功次数": 256,
    "N11接口AMF收到SMF发送的会话上下文删除通知次数": 257,
    "注册过程中NSSF收到的网络切片选择请求次数": 258,
    "NSSF收到的网络切片选择请求次数": 259,
    "用户平面上行转发成功率": 260,
    "用户平面N4接口接收的PFCP心跳请求消息数": 261,
    "PDU会话建立过程中NSSF收到的网络切片选择请求次数": 262,
    "NSSF返回的网络切片选择失败次数(非法请求_403)": 263,
    "SGW-C形态的实时在线5G NSA会话数": 264,
    "SMF接收N1N2 Message Transfer响应失败消息数": 265,
    "响应超时消息总数": 266,
    "对端错误总数": 267,
    "指定N11接口的AMF发起的会话上下文更新成功次数": 268,
    "N11(SMF)接收PDU Session Establishment Request消息数": 269,
    "用户平面N4接口发送的PFCP会话释放响应消息数": 270,
    "SMF接收PCF删除SM策略请求的次数": 271,
    "N8接口UECM注册成功次数": 272,
    "N8接口UECM注册失败次数_状态码为504": 273,
    "N7会话异常释放请求超时次数": 274,
    "用户平面SGW-U 4G用户上行转发成功率": 275,
    "N8接口SDM订阅签约数据失败次数_状态码为5XX": 276,
    "SPGW-C合一形态的实时在线会话数": 277,
    "用户平面七层解析DNS上行包数": 278,
    "N7会话授权修改次数": 279,
    "用户平面N4接口发送的PFCP会话建立响应失败消息数": 280,
    "NF向NRF发起的心跳请求次数": 281,
    "N11(SMF)发送PDU Session Modification Reject消息数": 282,
    "N2模式业务请求成功率": 283,
    "用户平面PGW-U 2/3G用户下行转发成功率": 284,
    "NF发起的心跳流程成功次数": 285,
    "N2模式UE发起3GPP去注册成功次数": 286,
    "用户平面N4接口接收的PFCP会话建立请求消息数": 287,
    "在线计费建立请求响应平均时长": 288,
    "NF发起的更新流程成功次数": 289,
    "指定N12接口的AUSF向AMF返回的鉴权确认成功次数": 290,
    "从5G网络切换出至4G网络成功率": 291,
    "AMF内Xn接口切换成功率": 292,
    "AMF间切换出成功率": 293,
    "初始注册成功次数": 294,
    "SMF 5G 实时静态PCCPDU会话数": 295,
    "指定N12接口的AUSF向AMF返回的鉴权请求次数": 296,
    "用户平面UPF上行转发成功率": 297,
    "N11(SMF) 5G PDU会话建立流程平均时长": 298,
    "用户平面PGW-U 5G NSA用户上行转发成功率": 299,
    "RU CPU利用率平均值": 300,
    "用户平面N4接口接收的PFCP会话更新请求消息数": 301,
    "SMF 5G 最大静态PCCPDU会话数": 302,
    "NSSF返回的网络切片选择失败次数(非法请求_429)": 303
}